{
    "train": {
        "box_loss": 1.04789,
        "cls_loss": 0.56821,
        "dfl_loss": 0.90889
    },
    "metrics": {
        "precision(B)": 0.80628,
        "recall(B)": 0.73221,
        "mAP50(B)": 0.75811,
        "mAP50-95(B)": 0.48648
    },
    "val": {
        "box_loss": 1.51606,
        "cls_loss": 1.0365,
        "dfl_loss": 1.2182
    },
    "lr": {
        "pg0": 1.2605263157894744e-05,
        "pg1": 1.2605263157894744e-05,
        "pg2": 1.2605263157894744e-05
    },
    "model": {
        "parameters": 3637402,
        "GFLOPs": 6.816,
        "speed_PyTorch(ms)": 2.282
    },
    "step": 379
}
